{
    "vertexPositions" : [0.000000,15.874016,0.000000,0.000000,0.000000,0.000000,0.000000,10.932663,-7.679918],
    "vertexNormals" : [1.000000,0.000000,-0.000000,0.000000,0.558551,0.829470,0.000000,-0.829470,0.558551],
    "vertexTextureCoords" : [1.75,2,1.75,1.975,2,1.975],
    "indices" : [0, 1, 2]
}
