{
    "vertexPositions" : [-1.0,-1.0,1.0,1.0,-1.0,1.0,1.0,1.0,1.0],
    "vertexNormals" : [-0.966742,-0.255752,0,-0.966742,-0.255752,0,-0.966742,-0.255752,0],
    "vertexTextureCoords" : [0,0,0,1,1,1],
    "indices" : [0,1,2]
}
