{
    "vertexPositions" : [0.000000, 156.874016 ,0.000000, 0.000000 ,0.000000, 0.000000, 0.000000, 107.932663, -72.679918, 77.027559, 0.000000, 0.000000 ,77.027559 ,156.874016 ,0.000000 ,77.027559, 107.932663, -72.679918 ],
    "vertexNormals" : [1.000000, 0.000000, -0.000000, 0.000000, 0.558551, 0.829470, 0.000000, -0.829470, 0.558551, -1.000000, -0.000000, 0.000000,-1.000000, -0.000000, 0.000000,-1.000000, -0.000000, 0.000000 ],
    "vertexTextureCoords" : [0.185045, 0.369334 ,-0.207965 ,-0.000000, 0.185045, -0.000000 ,0.563246 ,-0.900269, 0.453867, -0.617867 0.453867, -0.900269],
    "indices" : [0,0,0,1,0,1]
}
